model,biến thể,dung lượng (MB),top-1,macro-F1,p50 (ms),p95 (ms),nhẹ hơn,nhanh hơn,mất top-1 (điểm)
m1_lenet,fp32,9.7,0.982,0.97615,1.07,1.58,1.0,1.0,0.0
m1_lenet,int8_dynamic,2.59,0.982,0.97615,0.93,1.13,3.75,1.15,0.0
m1_lenet,int8_static,2.43,0.9815,0.97496,0.79,0.85,3.99,1.35,0.05
m2_vggres,fp32,4.99,0.99025,0.98459,3.43,4.07,1.0,1.0,0.0
m2_vggres,int8_dynamic,4.95,0.99025,0.98459,3.27,3.69,1.01,1.05,0.0
m3_effnetb0,fp32,16.55,0.98625,0.98265,239.01,255.27,1.0,1.0,0.0
m3_effnetb0,int8_dynamic,16.38,0.98625,0.98265,241.83,246.51,1.01,0.99,0.0
m3_mobilenetv2,fp32,9.36,0.98725,0.98093,49.22,50.58,1.0,1.0,0.0
m3_mobilenetv2,int8_dynamic,9.2,0.98725,0.98093,51.12,54.52,1.02,0.96,0.0
m3_resnet18,fp32,44.87,0.993,0.98972,15.09,17.51,1.0,1.0,0.0
m3_resnet18,int8_dynamic,44.81,0.993,0.98959,15.0,15.78,1.0,1.01,0.0
