layer,type,params,percent
net.layer4.0.conv2,Conv2d,2359296,21.067830886637232
net.layer4.1.conv2,Conv2d,2359296,21.067830886637232
net.layer4.1.conv1,Conv2d,2359296,21.067830886637232
net.layer4.0.conv1,Conv2d,1179648,10.533915443318616
net.layer3.1.conv1,Conv2d,589824,5.266957721659308
net.layer3.1.conv2,Conv2d,589824,5.266957721659308
net.layer3.0.conv2,Conv2d,589824,5.266957721659308
net.layer3.0.conv1,Conv2d,294912,2.633478860829654
net.layer2.1.conv2,Conv2d,147456,1.316739430414827
net.layer2.0.conv2,Conv2d,147456,1.316739430414827
net.layer2.1.conv1,Conv2d,147456,1.316739430414827
net.layer4.0.downsample.0,Conv2d,131072,1.170435049257624
net.layer2.0.conv1,Conv2d,73728,0.6583697152074135
net.layer1.1.conv2,Conv2d,36864,0.32918485760370675
net.layer1.1.conv1,Conv2d,36864,0.32918485760370675
net.layer1.0.conv2,Conv2d,36864,0.32918485760370675
net.layer1.0.conv1,Conv2d,36864,0.32918485760370675
net.layer3.0.downsample.0,Conv2d,32768,0.292608762314406
net.fc,Linear,22059,0.19698048974284307
net.conv1,Conv2d,9408,0.08401071886761266
net.layer2.0.downsample.0,Conv2d,8192,0.0731521905786015
net.layer4.0.bn1,BatchNorm2d,1024,0.009144023822325188
net.layer4.1.bn2,BatchNorm2d,1024,0.009144023822325188
net.layer4.1.bn1,BatchNorm2d,1024,0.009144023822325188
net.layer4.0.downsample.1,BatchNorm2d,1024,0.009144023822325188
net.layer4.0.bn2,BatchNorm2d,1024,0.009144023822325188
net.layer3.0.bn1,BatchNorm2d,512,0.004572011911162594
net.layer3.0.bn2,BatchNorm2d,512,0.004572011911162594
net.layer3.0.downsample.1,BatchNorm2d,512,0.004572011911162594
net.layer3.1.bn1,BatchNorm2d,512,0.004572011911162594
net.layer3.1.bn2,BatchNorm2d,512,0.004572011911162594
net.layer2.1.bn2,BatchNorm2d,256,0.002286005955581297
net.layer2.0.bn2,BatchNorm2d,256,0.002286005955581297
net.layer2.0.downsample.1,BatchNorm2d,256,0.002286005955581297
net.layer2.1.bn1,BatchNorm2d,256,0.002286005955581297
net.layer2.0.bn1,BatchNorm2d,256,0.002286005955581297
net.layer1.1.bn2,BatchNorm2d,128,0.0011430029777906485
net.bn1,BatchNorm2d,128,0.0011430029777906485
net.layer1.1.bn1,BatchNorm2d,128,0.0011430029777906485
net.layer1.0.bn2,BatchNorm2d,128,0.0011430029777906485
net.layer1.0.bn1,BatchNorm2d,128,0.0011430029777906485
