class_id,name,precision,recall,f1,support
0,Giới hạn 20 km/h,1.0,1.0,1.0,60
1,Giới hạn 30 km/h,0.9958391123439667,0.9972222222222222,0.9965301873698821,720
2,Giới hạn 50 km/h,0.9946737683089214,0.996,0.9953364423717521,750
3,Giới hạn 60 km/h,0.9976635514018691,0.9488888888888889,0.9726651480637813,450
4,Giới hạn 70 km/h,1.0,0.9939393939393939,0.9969604863221885,660
5,Giới hạn 80 km/h,0.9260355029585798,0.9936507936507937,0.9586523736600306,630
6,Hết giới hạn 80 km/h,1.0,0.8466666666666667,0.9169675090252708,150
7,Giới hạn 100 km/h,0.989010989010989,1.0,0.994475138121547,450
8,Giới hạn 120 km/h,0.9976689976689976,0.9511111111111111,0.9738339021615472,450
9,Cấm vượt,0.995850622406639,1.0,0.997920997920998,480
10,"Cấm vượt (xe trên 3,5 tấn)",1.0,0.996969696969697,0.9984825493171472,660
11,Ưu tiên ở giao lộ kế tiếp,0.9777227722772277,0.9404761904761905,0.9587378640776699,420
12,Đường ưu tiên,0.998546511627907,0.9956521739130435,0.9970972423802612,690
13,Nhường đường,0.994475138121547,1.0,0.997229916897507,720
14,Dừng lại,1.0,1.0,1.0,270
15,Cấm mọi loại xe,1.0,0.9904761904761905,0.9952153110047847,210
16,"Cấm xe trên 3,5 tấn",1.0,1.0,1.0,150
17,Cấm đi vào,1.0,1.0,1.0,360
18,Cảnh báo chung,1.0,0.9923076923076923,0.9961389961389961,390
19,Đường cong nguy hiểm sang trái,1.0,1.0,1.0,60
20,Đường cong nguy hiểm sang phải,1.0,1.0,1.0,90
21,Đường cong đôi,1.0,0.9555555555555556,0.9772727272727273,90
22,Đường xấu,1.0,0.925,0.961038961038961,120
23,Đường trơn,0.8823529411764706,1.0,0.9375,150
24,Đường hẹp bên phải,1.0,1.0,1.0,90
25,Đang thi công,0.9814432989690721,0.9916666666666667,0.9865284974093265,480
26,Đèn tín hiệu,0.989010989010989,1.0,0.994475138121547,180
27,Người đi bộ,0.9649122807017544,0.9166666666666666,0.9401709401709402,60
28,Trẻ em qua đường,0.9868421052631579,1.0,0.9933774834437086,150
29,Xe đạp qua đường,0.9886363636363636,0.9666666666666667,0.9775280898876404,90
30,Cẩn thận băng/tuyết,0.954248366013072,0.9733333333333334,0.9636963696369637,150
31,Động vật hoang dã qua đường,0.9818181818181818,1.0,0.9908256880733946,270
32,Hết mọi giới hạn tốc độ và cấm vượt,0.9836065573770492,1.0,0.9917355371900827,60
33,Rẽ phải phía trước,0.995260663507109,1.0,0.997624703087886,210
34,Rẽ trái phía trước,1.0,1.0,1.0,120
35,Chỉ đi thẳng,0.9948453608247423,0.9897435897435898,0.9922879177377892,390
36,Đi thẳng hoặc rẽ phải,0.9917355371900827,1.0,0.995850622406639,120
37,Đi thẳng hoặc rẽ trái,0.9833333333333333,0.9833333333333333,0.9833333333333333,60
38,Đi bên phải,0.998546511627907,0.9956521739130435,0.9970972423802612,690
39,Đi bên trái,0.989010989010989,1.0,0.994475138121547,90
40,Vòng xuyến bắt buộc,0.9666666666666667,0.9666666666666667,0.9666666666666667,90
41,Hết cấm vượt,1.0,1.0,1.0,60
42,"Hết cấm vượt (xe trên 3,5 tấn)",0.8411214953271028,1.0,0.9137055837563451,90
