model,corruption,severity,top1,macro_f1,relative_top1,run_id,mCE
m1_lenet,clean,0,0.9845605700712587,0.9777922722274176,1.0,m1_lenet_s42_20261003_222148,0.2586254948535234
m1_lenet,motion_blur,1,0.9834520981789392,0.9761920062911816,0.998874145556896,m1_lenet_s42_20261003_222148,0.2586254948535234
m1_lenet,motion_blur,2,0.973396674584323,0.9571628051338226,0.9886610373944512,m1_lenet_s42_20261003_222148,0.2586254948535234
m1_lenet,motion_blur,3,0.9160728424386382,0.8733668453014126,0.9304382790510656,m1_lenet_s42_20261003_222148,0.2586254948535234
m1_lenet,motion_blur,4,0.7328582739509105,0.6576288625349533,0.7443506232408524,m1_lenet_s42_20261003_222148,0.2586254948535234
m1_lenet,motion_blur,5,0.5757719714964371,0.4759266470945013,0.5848009650180942,m1_lenet_s42_20261003_222148,0.2586254948535234
m1_lenet,gauss_noise,1,0.985193982581156,0.9780679385545564,1.0006433453960597,m1_lenet_s42_20261003_222148,0.2586254948535234
m1_lenet,gauss_noise,2,0.9836104513064132,0.9744271733485694,0.9990349819059108,m1_lenet_s42_20261003_222148,0.2586254948535234
m1_lenet,gauss_noise,3,0.9722882026920032,0.955265814384704,0.987535182951347,m1_lenet_s42_20261003_222148,0.2586254948535234
m1_lenet,gauss_noise,4,0.8732383214568488,0.8621527510121108,0.8869320466425412,m1_lenet_s42_20261003_222148,0.2586254948535234
m1_lenet,gauss_noise,5,0.6646872525732384,0.6750077761751534,0.6751105749899478,m1_lenet_s42_20261003_222148,0.2586254948535234
m1_lenet,fog,1,0.9717339667458432,0.9550872974131835,0.986972255729795,m1_lenet_s42_20261003_222148,0.2586254948535234
m1_lenet,fog,2,0.9492478226444973,0.9277812910199622,0.9641334941696824,m1_lenet_s42_20261003_222148,0.2586254948535234
m1_lenet,fog,3,0.8631037212984957,0.7978435138035916,0.8766385203055891,m1_lenet_s42_20261003_222148,0.2586254948535234
m1_lenet,fog,4,0.5821060965954078,0.4233900259974749,0.5912344189786892,m1_lenet_s42_20261003_222148,0.2586254948535234
m1_lenet,fog,5,0.2045922406967537,0.0993547710101903,0.2078005629272215,m1_lenet_s42_20261003_222148,0.2586254948535234
m1_lenet,low_light,1,0.8250197941409343,0.8057675246398289,0.8379573783675112,m1_lenet_s42_20261003_222148,0.2586254948535234
m1_lenet,low_light,2,0.8053840063341251,0.785896043390314,0.8180136710896663,m1_lenet_s42_20261003_222148,0.2586254948535234
m1_lenet,low_light,3,0.7758511480601742,0.75229419044464,0.7880176919983917,m1_lenet_s42_20261003_222148,0.2586254948535234
m1_lenet,low_light,4,0.740775930324624,0.7062652116268454,0.7523924406915964,m1_lenet_s42_20261003_222148,0.2586254948535234
m1_lenet,low_light,5,0.6901821060965954,0.6535472608956087,0.701005227181343,m1_lenet_s42_20261003_222148,0.2586254948535234
m1_lenet,occlusion,1,0.9004750593824228,0.881329812554734,0.9145958986731,m1_lenet_s42_20261003_222148,0.2586254948535234
m1_lenet,occlusion,2,0.6957244655581948,0.6747192094394415,0.7066344993968637,m1_lenet_s42_20261003_222148,0.2586254948535234
m1_lenet,occlusion,3,0.4464766429136975,0.4311606162087945,0.4534780860474467,m1_lenet_s42_20261003_222148,0.2586254948535234
m1_lenet,occlusion,4,0.2648456057007126,0.2513039351603084,0.2689987937273824,m1_lenet_s42_20261003_222148,0.2586254948535234
m1_lenet,occlusion,5,0.1582739509105304,0.1263209270691632,0.1607559308403699,m1_lenet_s42_20261003_222148,0.2586254948535234
m2_vggres,clean,0,0.9925574030087094,0.9879787869605148,1.0,m2_vggres_s42_20261003_223350,0.2875439429928741
m2_vggres,motion_blur,1,0.9916864608076008,0.9859950205592236,0.999122527121889,m2_vggres_s42_20261003_223350,0.2875439429928741
m2_vggres,motion_blur,2,0.9836896278701504,0.9719494837952262,0.9910657306955968,m2_vggres_s42_20261003_223350,0.2875439429928741
m2_vggres,motion_blur,3,0.9344418052256532,0.8920620339670625,0.9414486279514998,m2_vggres_s42_20261003_223350,0.2875439429928741
m2_vggres,motion_blur,4,0.692874109263658,0.6267219963706256,0.6980695596681558,m2_vggres_s42_20261003_223350,0.2875439429928741
m2_vggres,motion_blur,5,0.4904988123515439,0.4280402493424909,0.4941767708998085,m2_vggres_s42_20261003_223350,0.2875439429928741
m2_vggres,gauss_noise,1,0.9924782264449724,0.9870492064095508,0.9999202297383536,m2_vggres_s42_20261003_223350,0.2875439429928741
m2_vggres,gauss_noise,2,0.9912905779889152,0.9848749478385376,0.9987236758136566,m2_vggres_s42_20261003_223350,0.2875439429928741
m2_vggres,gauss_noise,3,0.9759303246239112,0.9652833804182004,0.9832482450542436,m2_vggres_s42_20261003_223350,0.2875439429928741
m2_vggres,gauss_noise,4,0.8380839271575614,0.8521881732804428,0.8443682195277601,m2_vggres_s42_20261003_223350,0.2875439429928741
m2_vggres,gauss_noise,5,0.5701504354711006,0.6112709524744353,0.5744256541161455,m2_vggres_s42_20261003_223350,0.2875439429928741
m2_vggres,fog,1,0.985748218527316,0.9783214614690458,0.9931397574984046,m2_vggres_s42_20261003_223350,0.2875439429928741
m2_vggres,fog,2,0.9418052256532068,0.938507812093308,0.9488672622846204,m2_vggres_s42_20261003_223350,0.2875439429928741
m2_vggres,fog,3,0.8090261282660333,0.8116848656096632,0.8150925335035099,m2_vggres_s42_20261003_223350,0.2875439429928741
m2_vggres,fog,4,0.6288994457640539,0.6009254790311166,0.6336151882578175,m2_vggres_s42_20261003_223350,0.2875439429928741
m2_vggres,fog,5,0.4350752177355503,0.3470912927613534,0.4383375877472878,m2_vggres_s42_20261003_223350,0.2875439429928741
m2_vggres,low_light,1,0.7252573238321457,0.7223310249955827,0.7306955966815571,m2_vggres_s42_20261003_223350,0.2875439429928741
m2_vggres,low_light,2,0.6976247030878859,0.6981003818341812,0.7028557753669431,m2_vggres_s42_20261003_223350,0.2875439429928741
m2_vggres,low_light,3,0.6520981789390341,0.6516041204493852,0.6569878749202298,m2_vggres_s42_20261003_223350,0.2875439429928741
m2_vggres,low_light,4,0.6031670625494854,0.6059548399047646,0.6076898532227186,m2_vggres_s42_20261003_223350,0.2875439429928741
m2_vggres,low_light,5,0.5405384006334125,0.5443684079059589,0.5445915762603701,m2_vggres_s42_20261003_223350,0.2875439429928741
m2_vggres,occlusion,1,0.8948535233570863,0.8782753732904818,0.9015634971282708,m2_vggres_s42_20261003_223350,0.2875439429928741
m2_vggres,occlusion,2,0.6605700712589073,0.6679799249282479,0.6655232929164007,m2_vggres_s42_20261003_223350,0.2875439429928741
m2_vggres,occlusion,3,0.3993665874901029,0.4113701094277796,0.4023611997447351,m2_vggres_s42_20261003_223350,0.2875439429928741
m2_vggres,occlusion,4,0.2320665083135392,0.2089940995064024,0.233806636885769,m2_vggres_s42_20261003_223350,0.2875439429928741
m2_vggres,occlusion,5,0.1441805225653206,0.0847899714030958,0.1452616464582003,m2_vggres_s42_20261003_223350,0.2875439429928741
m3_resnet18,clean,0,0.9932699920823436,0.9902998236613872,1.0,m3_resnet18_s42_20261003_225740,0.2817418844022169
m3_resnet18,motion_blur,1,0.9931908155186064,0.9902466833115344,0.999920286966919,m3_resnet18_s42_20261003_225740,0.2817418844022169
m3_resnet18,motion_blur,2,0.9932699920823436,0.9898717695368614,1.0,m3_resnet18_s42_20261003_225740,0.2817418844022169
m3_resnet18,motion_blur,3,0.9927949326999208,0.9894403559950417,0.9995217218015144,m3_resnet18_s42_20261003_225740,0.2817418844022169
m3_resnet18,motion_blur,4,0.9930324623911322,0.9893928980024423,0.9997608609007572,m3_resnet18_s42_20261003_225740,0.2817418844022169
m3_resnet18,motion_blur,5,0.991765637371338,0.987494291433688,0.9984854523714628,m3_resnet18_s42_20261003_225740,0.2817418844022169
m3_resnet18,gauss_noise,1,0.9847980997624703,0.9816065933831868,0.9914707054603428,m3_resnet18_s42_20261003_225740,0.2817418844022169
m3_resnet18,gauss_noise,2,0.9722882026920032,0.964733120225256,0.9788760462335592,m3_resnet18_s42_20261003_225740,0.2817418844022169
m3_resnet18,gauss_noise,3,0.9026128266033254,0.8942977123735979,0.9087285771223594,m3_resnet18_s42_20261003_225740,0.2817418844022169
m3_resnet18,gauss_noise,4,0.4344418052256532,0.3446103211777145,0.4373854125149461,m3_resnet18_s42_20261003_225740,0.2817418844022169
m3_resnet18,gauss_noise,5,0.103008709422011,0.0278494695181407,0.1037066560382622,m3_resnet18_s42_20261003_225740,0.2817418844022169
m3_resnet18,fog,1,0.9904196357878068,0.9873534693994016,0.9971303308090872,m3_resnet18_s42_20261003_225740,0.2817418844022169
m3_resnet18,fog,2,0.9825019794140936,0.9749384285387556,0.9891590275009964,m3_resnet18_s42_20261003_225740,0.2817418844022169
m3_resnet18,fog,3,0.9604908946951702,0.9369970539512836,0.9669988043045038,m3_resnet18_s42_20261003_225740,0.2817418844022169
m3_resnet18,fog,4,0.9125098970704671,0.8766532252615941,0.918692706257473,m3_resnet18_s42_20261003_225740,0.2817418844022169
m3_resnet18,fog,5,0.7905779889152811,0.7543088443586897,0.7959346353128737,m3_resnet18_s42_20261003_225740,0.2817418844022169
m3_resnet18,low_light,1,0.4959619952494061,0.3783557501515604,0.4993224392188122,m3_resnet18_s42_20261003_225740,0.2817418844022169
m3_resnet18,low_light,2,0.5643705463182898,0.4619228664158574,0.5681944998007173,m3_resnet18_s42_20261003_225740,0.2817418844022169
m3_resnet18,low_light,3,0.576326207442597,0.477093038277455,0.5802311677959346,m3_resnet18_s42_20261003_225740,0.2817418844022169
m3_resnet18,low_light,4,0.5724465558194775,0.4760654419140191,0.5763252291749701,m3_resnet18_s42_20261003_225740,0.2817418844022169
m3_resnet18,low_light,5,0.5602533650039588,0.4675599071724644,0.5640494220805101,m3_resnet18_s42_20261003_225740,0.2817418844022169
m3_resnet18,occlusion,1,0.9039588281868568,0.8805896353882084,0.9100836986847348,m3_resnet18_s42_20261003_225740,0.2817418844022169
m3_resnet18,occlusion,2,0.6612826603325416,0.6448297733937282,0.6657632522917497,m3_resnet18_s42_20261003_225740,0.2817418844022169
m3_resnet18,occlusion,3,0.3665874901029295,0.3722402962688931,0.3690713431646074,m3_resnet18_s42_20261003_225740,0.2817418844022169
m3_resnet18,occlusion,4,0.1697545526524148,0.1556603973030623,0.1709047429254682,m3_resnet18_s42_20261003_225740,0.2817418844022169
m3_resnet18,occlusion,5,0.0878068091844813,0.0455252056497436,0.0884017536867277,m3_resnet18_s42_20261003_225740,0.2817418844022169
m3_effnetb0,clean,0,0.9876484560570071,0.983754295455096,1.0,m3_effnetb0_s42_20261004_101515,0.5382612826603325
m3_effnetb0,motion_blur,1,0.98701504354711,0.9840816487046826,0.9993586660253326,m3_effnetb0_s42_20261004_101515,0.5382612826603325
m3_effnetb0,motion_blur,2,0.985193982581156,0.983247972692013,0.9975148308481642,m3_effnetb0_s42_20261004_101515,0.5382612826603325
m3_effnetb0,motion_blur,3,0.9844813935075217,0.982884434890687,0.9967933301266634,m3_effnetb0_s42_20261004_101515,0.5382612826603325
m3_effnetb0,motion_blur,4,0.9844022169437846,0.9823688542327548,0.99671316337983,m3_effnetb0_s42_20261004_101515,0.5382612826603325
m3_effnetb0,motion_blur,5,0.9820269200316706,0.978684677495487,0.9943081609748275,m3_effnetb0_s42_20261004_101515,0.5382612826603325
m3_effnetb0,gauss_noise,1,0.503008709422011,0.4918538824497978,0.509299342632676,m3_effnetb0_s42_20261004_101515,0.5382612826603325
m3_effnetb0,gauss_noise,2,0.013776722090261283,0.009444543242529635,0.013949013949013949,m3_effnetb0_s42_20261004_101515,0.5382612826603325
m3_effnetb0,gauss_noise,3,0.009817893903404592,0.00927363981849592,0.009940676607343274,m3_effnetb0_s42_20261004_101515,0.5382612826603325
m3_effnetb0,gauss_noise,4,0.007363420427553444,0.004414498541474224,0.007455507455507455,m3_effnetb0_s42_20261004_101515,0.5382612826603325
m3_effnetb0,gauss_noise,5,0.011084718923198733,0.009022956796216394,0.01122334455667789,m3_effnetb0_s42_20261004_101515,0.5382612826603325
m3_effnetb0,fog,1,0.9404592240696754,0.9200449850237434,0.9522206188872856,m3_effnetb0_s42_20261004_101515,0.5382612826603325
m3_effnetb0,fog,2,0.7880443388756928,0.7685778944585387,0.7978996312329646,m3_effnetb0_s42_20261004_101515,0.5382612826603325
m3_effnetb0,fog,3,0.6808392715756136,0.640402792839743,0.6893538560205227,m3_effnetb0_s42_20261004_101515,0.5382612826603325
m3_effnetb0,fog,4,0.5851148060174188,0.5530019755823177,0.5924322590989257,m3_effnetb0_s42_20261004_101515,0.5382612826603325
m3_effnetb0,fog,5,0.43523357086302455,0.4294258041163579,0.440676607343274,m3_effnetb0_s42_20261004_101515,0.5382612826603325
m3_effnetb0,low_light,1,0.009976247030878859,0.00810434432937225,0.0101010101010101,m3_effnetb0_s42_20261004_101515,0.5382612826603325
m3_effnetb0,low_light,2,0.009422011084718924,0.007309667604109779,0.009539842873176206,m3_effnetb0_s42_20261004_101515,0.5382612826603325
m3_effnetb0,low_light,3,0.00870942201108472,0.006597838793407888,0.008818342151675486,m3_effnetb0_s42_20261004_101515,0.5382612826603325
m3_effnetb0,low_light,4,0.00855106888361045,0.007210356430344924,0.008658008658008658,m3_effnetb0_s42_20261004_101515,0.5382612826603325
m3_effnetb0,low_light,5,0.009580364212193191,0.007476030530964898,0.009700176366843033,m3_effnetb0_s42_20261004_101515,0.5382612826603325
m3_effnetb0,occlusion,1,0.9187648456057007,0.8996973044158604,0.9302549302549302,m3_effnetb0_s42_20261004_101515,0.5382612826603325
m3_effnetb0,occlusion,2,0.7270783847980997,0.6838867137961017,0.7361712361712361,m3_effnetb0_s42_20261004_101515,0.5382612826603325
m3_effnetb0,occlusion,3,0.48764845605700713,0.4380336417918196,0.49374699374699377,m3_effnetb0_s42_20261004_101515,0.5382612826603325
m3_effnetb0,occlusion,4,0.2934283452098179,0.24430492020742686,0.29709796376463043,m3_effnetb0_s42_20261004_101515,0.5382612826603325
m3_effnetb0,occlusion,5,0.17244655581947743,0.11938529487925689,0.1746031746031746,m3_effnetb0_s42_20261004_101515,0.5382612826603325
m3_mobilenetv2,clean,0,0.9873317498020586,0.9796230473642066,1.0,m3_mobilenetv2_s42_20261004_004220,0.5225019794140934
m3_mobilenetv2,motion_blur,1,0.9874901029295329,0.982061835041529,1.0001603849238172,m3_mobilenetv2_s42_20261004_004220,0.5225019794140934
m3_mobilenetv2,motion_blur,2,0.9862232779097387,0.9824382619986147,0.9988773055332799,m3_mobilenetv2_s42_20261004_004220,0.5225019794140934
m3_mobilenetv2,motion_blur,3,0.9844022169437846,0.9809016756719112,0.9970328789093824,m3_mobilenetv2_s42_20261004_004220,0.5225019794140934
m3_mobilenetv2,motion_blur,4,0.9837688044338876,0.9798924302172133,0.9963913392141138,m3_mobilenetv2_s42_20261004_004220,0.5225019794140934
m3_mobilenetv2,motion_blur,5,0.9814726840855107,0.9767078975972256,0.994065757818765,m3_mobilenetv2_s42_20261004_004220,0.5225019794140934
m3_mobilenetv2,gauss_noise,1,0.6910530482977039,0.6235511482608214,0.6999198075380914,m3_mobilenetv2_s42_20261004_004220,0.5225019794140934
m3_mobilenetv2,gauss_noise,2,0.2885193982581156,0.15804115657106696,0.2922213311948677,m3_mobilenetv2_s42_20261004_004220,0.5225019794140934
m3_mobilenetv2,gauss_noise,3,0.09287410926365795,0.025523653972402513,0.09406575781876503,m3_mobilenetv2_s42_20261004_004220,0.5225019794140934
m3_mobilenetv2,gauss_noise,4,0.058749010292953284,0.0038919845409400725,0.0595028067361668,m3_mobilenetv2_s42_20261004_004220,0.5225019794140934
m3_mobilenetv2,gauss_noise,5,0.057482185273159146,0.0029137069676690532,0.05821972734562951,m3_mobilenetv2_s42_20261004_004220,0.5225019794140934
m3_mobilenetv2,fog,1,0.9198733174980206,0.9071715061829078,0.9316760224538894,m3_mobilenetv2_s42_20261004_004220,0.5225019794140934
m3_mobilenetv2,fog,2,0.7902612826603326,0.7750678726070258,0.8004009623095429,m3_mobilenetv2_s42_20261004_004220,0.5225019794140934
m3_mobilenetv2,fog,3,0.679889152810768,0.6564322925306219,0.6886126704089816,m3_mobilenetv2_s42_20261004_004220,0.5225019794140934
m3_mobilenetv2,fog,4,0.5830562153602533,0.5476021962845121,0.5905372894947875,m3_mobilenetv2_s42_20261004_004220,0.5225019794140934
m3_mobilenetv2,fog,5,0.5048297703879652,0.4624509774582775,0.5113071371291098,m3_mobilenetv2_s42_20261004_004220,0.5225019794140934
m3_mobilenetv2,low_light,1,0.062391132224861444,0.005733893280188528,0.0631916599839615,m3_mobilenetv2_s42_20261004_004220,0.5225019794140934
m3_mobilenetv2,low_light,2,0.07078384798099763,0.009608365756929787,0.07169206094627105,m3_mobilenetv2_s42_20261004_004220,0.5225019794140934
m3_mobilenetv2,low_light,3,0.08511480601741885,0.013715626209427921,0.08620689655172413,m3_mobilenetv2_s42_20261004_004220,0.5225019794140934
m3_mobilenetv2,low_light,4,0.10079176563737134,0.01773112661467069,0.1020850040096231,m3_mobilenetv2_s42_20261004_004220,0.5225019794140934
m3_mobilenetv2,low_light,5,0.11599366587490102,0.02282702563148088,0.11748195669607056,m3_mobilenetv2_s42_20261004_004220,0.5225019794140934
m3_mobilenetv2,occlusion,1,0.8624703087885985,0.8386149739525047,0.8735364875701683,m3_mobilenetv2_s42_20261004_004220,0.5225019794140934
m3_mobilenetv2,occlusion,2,0.5712589073634204,0.5756536766812309,0.578588612670409,m3_mobilenetv2_s42_20261004_004220,0.5225019794140934
m3_mobilenetv2,occlusion,3,0.273950910530483,0.270853693839549,0.2774659182036889,m3_mobilenetv2_s42_20261004_004220,0.5225019794140934
m3_mobilenetv2,occlusion,4,0.12699920823436261,0.09219235400748509,0.12862870890136324,m3_mobilenetv2_s42_20261004_004220,0.5225019794140934
m3_mobilenetv2,occlusion,5,0.0777513855898654,0.030194715276051172,0.07874899759422614,m3_mobilenetv2_s42_20261004_004220,0.5225019794140934
