model,corruption,severity,acc_sach,nhieu_SAU_clahe,nhieu_TRUOC_clahe,chenh
m3_effnetb0,low_light,1,0.9814,0.0233,0.3372,0.314
m3_effnetb0,low_light,3,0.9814,0.0163,0.3953,0.3791
m3_effnetb0,low_light,5,0.9814,0.0093,0.3977,0.3884
m3_effnetb0,gauss_noise,1,0.9814,0.4465,0.9395,0.493
m3_effnetb0,gauss_noise,3,0.9814,0.0279,0.5814,0.5535
m3_effnetb0,gauss_noise,5,0.9814,0.0256,0.0837,0.0581
m3_mobilenetv2,low_light,1,0.9744,0.0233,0.2884,0.2651
m3_mobilenetv2,low_light,3,0.9744,0.0395,0.3023,0.2628
m3_mobilenetv2,low_light,5,0.9744,0.0535,0.3209,0.2674
m3_mobilenetv2,gauss_noise,1,0.9744,0.607,0.9256,0.3186
m3_mobilenetv2,gauss_noise,3,0.9744,0.0488,0.5837,0.5349
m3_mobilenetv2,gauss_noise,5,0.9744,0.0233,0.1651,0.1419
m3_resnet18,low_light,1,0.9884,0.3465,0.4442,0.0977
m3_resnet18,low_light,3,0.9884,0.4698,0.4488,-0.0209
m3_resnet18,low_light,5,0.9884,0.4419,0.3837,-0.0581
m3_resnet18,gauss_noise,1,0.9884,0.9744,0.9651,-0.0093
m3_resnet18,gauss_noise,3,0.9884,0.8721,0.6907,-0.1814
m3_resnet18,gauss_noise,5,0.9884,0.0605,0.2605,0.2
m2_vggres,low_light,1,0.9884,0.6791,0.5558,-0.1233
m2_vggres,low_light,3,0.9884,0.6047,0.5326,-0.0721
m2_vggres,low_light,5,0.9884,0.4814,0.4419,-0.0395
m2_vggres,gauss_noise,1,0.9884,0.993,0.9721,-0.0209
m2_vggres,gauss_noise,3,0.9884,0.9465,0.7977,-0.1488
m2_vggres,gauss_noise,5,0.9884,0.5279,0.3651,-0.1628
m1_lenet,low_light,1,0.9767,0.8,0.6,-0.2
m1_lenet,low_light,3,0.9767,0.7535,0.5488,-0.2047
m1_lenet,low_light,5,0.9767,0.6721,0.4837,-0.1884
m1_lenet,gauss_noise,1,0.9767,0.9791,0.9465,-0.0326
m1_lenet,gauss_noise,3,0.9767,0.9558,0.7674,-0.1884
m1_lenet,gauss_noise,5,0.9767,0.6279,0.3837,-0.2442
