epoch,phase,lr,train_loss,train_acc,val_top1,val_top5,val_macro_f1,seconds,is_best
1,freeze_head,0.001,2.550336,0.411874,0.602299,0.898851,0.447894,129.43,1
2,freeze_head,0.000505,1.604233,0.70501,0.637676,0.921711,0.514414,127.89,1
3,freeze_head,1e-05,1.476021,0.756518,0.678033,0.933844,0.538635,125.44,1
4,finetune_all,0.001,1.122343,0.888452,0.947254,0.993231,0.886536,142.48,1
5,finetune_all,0.0009799490219391763,0.818849,0.98396,0.981226,0.997701,0.933248,141.33,1
6,finetune_all,0.0009214204987514347,0.751156,0.994632,0.984291,0.99834,0.937222,141.06,1
7,finetune_all,0.0008291560633029161,0.727153,0.997252,0.985951,0.998595,0.93776,138.7,1
8,finetune_all,0.0007106304314359338,0.714331,0.999009,0.987356,0.997957,0.940296,138.22,1
9,finetune_all,0.0005754458449452762,0.707441,0.999201,0.990805,0.998467,0.946293,139.55,1
10,finetune_all,0.0004345541550547239,0.703828,0.999585,0.990421,0.998084,0.943514,140.07,0
11,finetune_all,0.0002993695685640663,0.700425,0.999744,0.989655,0.997957,0.943935,139.47,0
12,finetune_all,0.00018084393669708394,0.699101,0.999808,0.990038,0.998723,0.944263,140.18,0
13,finetune_all,8.857950124856524e-05,0.697843,0.999872,0.990677,0.99834,0.945221,139.18,0
14,finetune_all,3.005097806082386e-05,0.69696,0.999872,0.990805,0.99834,0.945306,139.65,0
