run_id,model,tag,img_size,preprocess,aug_policy,label_smoothing,epochs_run,val_macro_f1,test_top1,test_top5,test_macro_f1,test_ece,train_seconds
m1_lenet_s42_20261003_222148,m1_lenet,,48,clahe,geo_photo,0.1,30,0.9880947642371644,0.984561,0.998496,0.977792,0.131021,699.9
m1_lenet_s42_leak-A_random_20261004_223054,m1_lenet,leak-A_random,48,clahe,geo_photo,0.1,30,0.9989755841277194,0.987094,0.998812,0.98209,0.134673,725.0
m1_lenet_s42_leak-B_track_20261004_224309,m1_lenet,leak-B_track,48,clahe,geo_photo,0.1,30,0.9880947642371644,0.984561,0.998496,0.977792,0.131021,683.5
m1_lenet_s42_resolution-res32-budget_20261005_032415,m1_lenet,resolution-res32-budget,32,clahe,geo_photo,0.1,14,0.9845479243135701,0.979018,0.998654,0.965998,0.122297,244.1
m1_lenet_s42_resolution-res48-budget_20261005_032823,m1_lenet,resolution-res48-budget,48,clahe,geo_photo,0.1,15,0.9839366404875399,0.984719,0.99905,0.978692,0.121636,336.3
m1_lenet_s42_resolution-res64-budget_20261005_033427,m1_lenet,resolution-res64-budget,64,clahe,geo_photo,0.1,15,0.9832367518007509,0.981869,0.998733,0.97737,0.115839,461.2
m2_vggres_s42_20261003_223350,m2_vggres,,48,clahe,geo_photo,0.1,40,0.9917691167898695,0.992557,0.999367,0.987979,0.053474,1427.0
m2_vggres_s42_augmentation-aug_geo-budget_20261005_051057,m2_vggres,augmentation-aug_geo-budget,48,clahe,geo,0.1,15,0.9830123390045188,0.986857,0.999208,0.980798,0.052647,453.4
m2_vggres_s42_augmentation-aug_geo_photo-budget_20261005_051834,m2_vggres,augmentation-aug_geo_photo-budget,48,clahe,geo_photo,0.1,15,0.986254235833493,0.988519,0.999129,0.981064,0.052447,509.8
m2_vggres_s42_augmentation-aug_geo_photo_erase-budget_20261005_052707,m2_vggres,augmentation-aug_geo_photo_erase-budget,48,clahe,geo_photo_erase,0.1,15,0.9841227823969753,0.987094,0.999367,0.981475,0.048196,516.2
m2_vggres_s42_augmentation-aug_none-budget_20261005_050432,m2_vggres,augmentation-aug_none-budget,48,clahe,none,0.1,15,0.9889455566508353,0.987094,0.999525,0.983438,0.065719,382.4
m2_vggres_s42_components-full-budget_20261005_073907,m2_vggres,components-full-budget,48,clahe,geo_photo,0.1,15,0.986254235833493,0.988519,0.999129,0.981064,0.052447,529.4
m2_vggres_s42_components-no_bn-budget_20261005_074800,m2_vggres,components-no_bn-budget,48,clahe,geo_photo,0.1,15,0.9848146013433681,0.985748,0.999208,0.979348,0.054168,517.5
m2_vggres_s42_components-no_residual-budget_20261005_075641,m2_vggres,components-no_residual-budget,48,clahe,geo_photo,0.1,15,0.9853467316854713,0.987094,0.999446,0.985038,0.045345,500.5
m2_vggres_s42_components-no_spatial_dropout-budget_20261005_080505,m2_vggres,components-no_spatial_dropout-budget,48,clahe,geo_photo,0.1,15,0.995619107441421,0.990657,0.999604,0.987772,0.102907,509.9
m2_vggres_s42_label_smoothing-ls0.0-budget_20261005_071232,m2_vggres,label_smoothing-ls0.0-budget,48,clahe,geo_photo,0.0,15,0.9852757667510913,0.98844,0.999287,0.979647,0.002868,528.6
m2_vggres_s42_label_smoothing-ls0.1-budget_20261005_072124,m2_vggres,label_smoothing-ls0.1-budget,48,clahe,geo_photo,0.1,15,0.986254235833493,0.988519,0.999129,0.981064,0.052447,527.7
m2_vggres_s42_label_smoothing-ls0.2-budget_20261005_073015,m2_vggres,label_smoothing-ls0.2-budget,48,clahe,geo_photo,0.2,15,0.9826257275753977,0.987173,0.999604,0.979121,0.132674,528.0
m2_vggres_s42_preprocess-prep_clahe-budget_20261005_060227,m2_vggres,preprocess-prep_clahe-budget,48,clahe,geo_photo,0.1,15,0.986254235833493,0.988519,0.999129,0.981064,0.052447,531.4
m2_vggres_s42_preprocess-prep_he_gray-budget_20261005_054448,m2_vggres,preprocess-prep_he_gray-budget,48,he_gray,geo_photo,0.1,15,0.9916619405806022,0.989865,0.999446,0.985143,0.057356,526.7
m2_vggres_s42_preprocess-prep_he_y-budget_20261005_055352,m2_vggres,preprocess-prep_he_y-budget,48,he_y,geo_photo,0.1,15,0.9924529663621157,0.991528,0.999683,0.988554,0.056855,511.8
m2_vggres_s42_preprocess-prep_none-budget_20261005_053601,m2_vggres,preprocess-prep_none-budget,48,none,geo_photo,0.1,15,0.9877804506535139,0.985827,0.99905,0.97874,0.054459,509.0
m2_vggres_s42_resolution-res32-budget_20261005_093938,m2_vggres,resolution-res32-budget,32,clahe,geo_photo,0.1,15,0.9858107376608738,0.986223,0.999208,0.977111,0.051279,347.6
m2_vggres_s42_resolution-res48-budget_20261005_094529,m2_vggres,resolution-res48-budget,48,clahe,geo_photo,0.1,15,0.986254235833493,0.988519,0.999129,0.981064,0.052447,521.0
m2_vggres_s42_resolution-res64-budget_20261005_095414,m2_vggres,resolution-res64-budget,64,clahe,geo_photo,0.1,15,0.9844687153022561,0.98369,0.998812,0.974887,0.063035,755.0
m2_vggres_s42_scaling-depth3-budget_20261005_064546,m2_vggres,scaling-depth3-budget,48,clahe,geo_photo,0.1,15,0.8994505528790563,0.954553,0.997941,0.904519,0.130405,435.2
m2_vggres_s42_scaling-depth4-budget_20261005_065304,m2_vggres,scaling-depth4-budget,48,clahe,geo_photo,0.1,15,0.986254235833493,0.988519,0.999129,0.981064,0.052447,511.9
m2_vggres_s42_scaling-depth5-budget_20261005_070139,m2_vggres,scaling-depth5-budget,48,clahe,geo_photo,0.1,15,0.9882642290669851,0.990657,0.999446,0.984681,0.062248,649.2
m2_vggres_s42_scaling-width0.5-budget_20261005_061122,m2_vggres,scaling-width0.5-budget,48,clahe,geo_photo,0.1,15,0.9006726157307916,0.947823,0.996437,0.89719,0.076757,360.1
m2_vggres_s42_scaling-width1.0-budget_20261005_061726,m2_vggres,scaling-width1.0-budget,48,clahe,geo_photo,0.1,15,0.986254235833493,0.988519,0.999129,0.981064,0.052447,535.3
m2_vggres_s42_scaling-width2.0-budget_20261005_062624,m2_vggres,scaling-width2.0-budget,48,clahe,geo_photo,0.1,15,0.9924675295053784,0.989707,0.999604,0.98626,0.06958,1157.9
m2_vggres_s43_seed43_20261005_081339,m2_vggres,seed43,48,clahe,geo_photo,0.1,40,0.9912865245073949,0.993508,0.999367,0.992971,0.057877,1368.0
m2_vggres_s44_seed44_20261005_083630,m2_vggres,seed44,48,clahe,geo_photo,0.1,40,0.9903483982748984,0.992716,0.99905,0.990658,0.05689,1363.8
m3_effnetb0_s42_20261004_101515,m3_effnetb0,,224,clahe,geo_photo,0.1,15,0.9943938198782704,0.987648,0.999129,0.983754,0.097274,7915.1
m3_mobilenetv2_s42_20261004_004220,m3_mobilenetv2,,224,clahe,geo_photo,0.1,15,0.9879570860109294,0.987332,0.999604,0.979623,0.107581,34370.6
m3_resnet18_s42_20261003_225740,m3_resnet18,,224,clahe,geo_photo,0.1,15,0.9957766239740508,0.99327,0.999367,0.9903,0.108545,3642.7
m3_resnet18_s42_resolution-res112-budget_20261005_034211,m3_resnet18,resolution-res112-budget,112,clahe,geo_photo,0.1,14,0.9895587400199054,0.992399,0.999287,0.98718,0.098085,1427.5
m3_resnet18_s42_resolution-res112augafter-budget_20261005_144404,m3_resnet18,resolution-res112augafter-budget,112,clahe,geo_photo,0.1,15,0.9907584114130664,0.992716,0.999129,0.990257,0.101102,2011.1
m3_resnet18_s42_resolution-res112real-budget_20261005_134434,m3_resnet18,resolution-res112real-budget,112,clahe,geo_photo,0.1,14,0.989058454232717,0.990024,0.99905,0.986878,0.097911,1746.3
m3_resnet18_s42_resolution-res224-budget_20261005_040602,m3_resnet18,resolution-res224-budget,224,clahe,geo_photo,0.1,15,0.9957766239740508,0.99327,0.999367,0.9903,0.108545,3506.0
m3_resnet18_s42_resolution-res64-budget_20261005_100653,m3_resnet18,resolution-res64-budget,64,clahe,geo_photo,0.1,15,0.982378962024584,0.987094,0.998733,0.97758,0.101827,948.1
