run_id,model,tag,img_size,preprocess,aug_policy,label_smoothing,params_m,test_top1,test_top5,test_macro_f1,test_weighted_f1,test_ece,val_best_macro_f1,epochs_run,train_seconds,train_seconds_raw,train_time_suspect
m2_vggres_s43_seed43_20261005_081339,m2_vggres,seed43,48,clahe,geo_photo,0.1,1.237,0.99351,0.99937,0.99297,0.99352,0.05788,0.9912865245073949,40,1365.7,1368.0,False
m2_vggres_s44_seed44_20261005_083630,m2_vggres,seed44,48,clahe,geo_photo,0.1,1.237,0.99272,0.99905,0.99066,0.9927,0.05689,0.9903483982748984,40,1361.5,1363.8,False
m3_resnet18_s42_resolution-res224-budget_20261005_040602,m3_resnet18,resolution-res224-budget,224,clahe,geo_photo,0.1,11.199,0.99327,0.99937,0.9903,0.99331,0.10854,0.9957766239740508,15,3502.7,3506.0,False
m3_resnet18_s42_20261003_225740,m3_resnet18,(chính),224,clahe,geo_photo,0.1,11.199,0.99327,0.99937,0.9903,0.99331,0.10854,0.9957766239740508,15,3640.8,3642.7,False
m3_resnet18_s42_resolution-res112augafter-budget_20261005_144404,m3_resnet18,resolution-res112augafter-budget,112,clahe,geo_photo,0.1,11.199,0.99272,0.99913,0.99026,0.9927,0.1011,0.9907584114130664,15,2007.8,2011.1,False
m2_vggres_s42_preprocess-prep_he_y-budget_20261005_055352,m2_vggres,preprocess-prep_he_y-budget,48,he_y,geo_photo,0.1,1.237,0.99153,0.99968,0.98855,0.99152,0.05686,0.9924529663621157,15,510.8,511.8,False
m2_vggres_s42_20261003_223350,m2_vggres,(chính),48,clahe,geo_photo,0.1,1.237,0.99256,0.99937,0.98798,0.99255,0.05347,0.9917691167898695,40,1425.7,1427.0,False
m2_vggres_s42_components-no_spatial_dropout-budget_20261005_080505,m2_vggres,components-no_spatial_dropout-budget,48,clahe,geo_photo,0.1,1.237,0.99066,0.9996,0.98777,0.99064,0.10291,0.995619107441421,15,508.9,509.9,False
m3_resnet18_s42_resolution-res112-budget_20261005_034211,m3_resnet18,resolution-res112-budget,112,clahe,geo_photo,0.1,11.199,0.9924,0.99929,0.98718,0.99238,0.09808,0.9895587400199054,14,1424.7,1427.5,False
m3_resnet18_s42_resolution-res112real-budget_20261005_134434,m3_resnet18,resolution-res112real-budget,112,clahe,geo_photo,0.1,11.199,0.99002,0.99905,0.98688,0.99,0.09791,0.989058454232717,14,1743.2,1746.3,False
m2_vggres_s42_scaling-width2.0-budget_20261005_062624,m2_vggres,scaling-width2.0-budget,48,clahe,geo_photo,0.1,4.92,0.98971,0.9996,0.98626,0.98974,0.06958,0.9924675295053784,15,1156.1,1157.9,False
m2_vggres_s42_preprocess-prep_he_gray-budget_20261005_054448,m2_vggres,preprocess-prep_he_gray-budget,48,he_gray,geo_photo,0.1,1.237,0.98987,0.99945,0.98514,0.9898,0.05736,0.9916619405806022,15,525.7,526.7,False
m2_vggres_s42_components-no_residual-budget_20261005_075641,m2_vggres,components-no_residual-budget,48,clahe,geo_photo,0.1,1.194,0.98709,0.99945,0.98504,0.98707,0.04535,0.9853467316854713,15,499.8,500.5,False
m2_vggres_s42_scaling-depth5-budget_20261005_070139,m2_vggres,scaling-depth5-budget,48,clahe,geo_photo,0.1,4.922,0.99066,0.99945,0.98468,0.99065,0.06225,0.9882642290669851,15,647.3,649.2,False
m3_effnetb0_s42_20261004_101515,m3_effnetb0,(chính),224,clahe,geo_photo,0.1,4.063,0.98765,0.99913,0.98375,0.98767,0.09727,0.9943938198782704,15,7910.7,7915.1,False
m2_vggres_s42_augmentation-aug_none-budget_20261005_050432,m2_vggres,augmentation-aug_none-budget,48,clahe,none,0.1,1.237,0.98709,0.99952,0.98344,0.98708,0.06572,0.9889455566508353,15,381.4,382.4,False
m1_lenet_s42_leak-A_random_20261004_223054,m1_lenet,leak-A_random,48,clahe,geo_photo,0.1,2.424,0.98709,0.99881,0.98209,0.98708,0.13467,0.9989755841277194,30,723.7,725.0,False
m2_vggres_s42_augmentation-aug_geo_photo_erase-budget_20261005_052707,m2_vggres,augmentation-aug_geo_photo_erase-budget,48,clahe,geo_photo_erase,0.1,1.237,0.98709,0.99937,0.98148,0.98707,0.0482,0.9841227823969753,15,515.2,516.2,False
m2_vggres_s42_augmentation-aug_geo_photo-budget_20261005_051834,m2_vggres,augmentation-aug_geo_photo-budget,48,clahe,geo_photo,0.1,1.237,0.98852,0.99913,0.98106,0.98846,0.05245,0.986254235833493,15,508.8,509.8,False
m2_vggres_s42_scaling-width1.0-budget_20261005_061726,m2_vggres,scaling-width1.0-budget,48,clahe,geo_photo,0.1,1.237,0.98852,0.99913,0.98106,0.98846,0.05245,0.986254235833493,15,534.2,535.3,False
m2_vggres_s42_scaling-depth4-budget_20261005_065304,m2_vggres,scaling-depth4-budget,48,clahe,geo_photo,0.1,1.237,0.98852,0.99913,0.98106,0.98846,0.05245,0.986254235833493,15,510.8,511.9,False
m2_vggres_s42_resolution-res48-budget_20261005_094529,m2_vggres,resolution-res48-budget,48,clahe,geo_photo,0.1,1.237,0.98852,0.99913,0.98106,0.98846,0.05245,0.986254235833493,15,520.0,521.0,False
m2_vggres_s42_label_smoothing-ls0.1-budget_20261005_072124,m2_vggres,label_smoothing-ls0.1-budget,48,clahe,geo_photo,0.1,1.237,0.98852,0.99913,0.98106,0.98846,0.05245,0.986254235833493,15,526.7,527.7,False
m2_vggres_s42_preprocess-prep_clahe-budget_20261005_060227,m2_vggres,preprocess-prep_clahe-budget,48,clahe,geo_photo,0.1,1.237,0.98852,0.99913,0.98106,0.98846,0.05245,0.986254235833493,15,530.4,531.4,False
m2_vggres_s42_components-full-budget_20261005_073907,m2_vggres,components-full-budget,48,clahe,geo_photo,0.1,1.237,0.98852,0.99913,0.98106,0.98846,0.05245,0.986254235833493,15,528.3,529.4,False
m2_vggres_s42_augmentation-aug_geo-budget_20261005_051057,m2_vggres,augmentation-aug_geo-budget,48,clahe,geo,0.1,1.237,0.98686,0.99921,0.9808,0.98678,0.05265,0.9830123390045188,15,452.4,453.4,False
m2_vggres_s42_label_smoothing-ls0.0-budget_20261005_071232,m2_vggres,label_smoothing-ls0.0-budget,48,clahe,geo_photo,0.0,1.237,0.98844,0.99929,0.97965,0.98839,0.00287,0.9852757667510913,15,527.6,528.6,False
m3_mobilenetv2_s42_20261004_004220,m3_mobilenetv2,(chính),224,clahe,geo_photo,0.1,2.279,0.98733,0.9996,0.97962,0.98724,0.10758,0.9879570860109294,15,3318.2,34370.6,True
m2_vggres_s42_components-no_bn-budget_20261005_074800,m2_vggres,components-no_bn-budget,48,clahe,geo_photo,0.1,1.237,0.98575,0.99921,0.97935,0.98578,0.05417,0.9848146013433681,15,516.5,517.5,False
m2_vggres_s42_label_smoothing-ls0.2-budget_20261005_073015,m2_vggres,label_smoothing-ls0.2-budget,48,clahe,geo_photo,0.2,1.237,0.98717,0.9996,0.97912,0.98711,0.13267,0.9826257275753977,15,527.0,528.0,False
m2_vggres_s42_preprocess-prep_none-budget_20261005_053601,m2_vggres,preprocess-prep_none-budget,48,none,geo_photo,0.1,1.237,0.98583,0.99905,0.97874,0.98549,0.05446,0.9877804506535139,15,508.0,509.0,False
m1_lenet_s42_resolution-res48-budget_20261005_032823,m1_lenet,resolution-res48-budget,48,clahe,geo_photo,0.1,2.424,0.98472,0.99905,0.97869,0.98468,0.12164,0.9839366404875399,15,335.6,336.3,False
m1_lenet_s42_20261003_222148,m1_lenet,(chính),48,clahe,geo_photo,0.1,2.424,0.98456,0.9985,0.97779,0.98451,0.13102,0.9880947642371644,30,699.4,699.9,False
m1_lenet_s42_leak-B_track_20261004_224309,m1_lenet,leak-B_track,48,clahe,geo_photo,0.1,2.424,0.98456,0.9985,0.97779,0.98451,0.13102,0.9880947642371644,30,682.0,683.5,False
m3_resnet18_s42_resolution-res64-budget_20261005_100653,m3_resnet18,resolution-res64-budget,64,clahe,geo_photo,0.1,11.199,0.98709,0.99873,0.97758,0.987,0.10183,0.982378962024584,15,944.2,948.1,False
m1_lenet_s42_resolution-res64-budget_20261005_033427,m1_lenet,resolution-res64-budget,64,clahe,geo_photo,0.1,4.259,0.98187,0.99873,0.97737,0.98185,0.11584,0.9832367518007509,15,460.2,461.2,False
m2_vggres_s42_resolution-res32-budget_20261005_093938,m2_vggres,resolution-res32-budget,32,clahe,geo_photo,0.1,1.237,0.98622,0.99921,0.97711,0.98621,0.05128,0.9858107376608738,15,346.5,347.6,False
m2_vggres_s42_resolution-res64-budget_20261005_095414,m2_vggres,resolution-res64-budget,64,clahe,geo_photo,0.1,1.237,0.98369,0.99881,0.97489,0.98362,0.06303,0.9844687153022561,15,753.9,755.0,False
m1_lenet_s42_resolution-res32-budget_20261005_032415,m1_lenet,resolution-res32-budget,32,clahe,geo_photo,0.1,1.114,0.97902,0.99865,0.966,0.97857,0.1223,0.9845479243135701,14,243.7,244.1,False
m2_vggres_s42_scaling-depth3-budget_20261005_064546,m2_vggres,scaling-depth3-budget,48,clahe,geo_photo,0.1,0.313,0.95455,0.99794,0.90452,0.95043,0.1304,0.8994505528790563,15,434.4,435.2,False
m2_vggres_s42_scaling-width0.5-budget_20261005_061122,m2_vggres,scaling-width0.5-budget,48,clahe,geo_photo,0.1,0.313,0.94782,0.99644,0.89719,0.94459,0.07676,0.9006726157307916,15,359.3,360.1,False
